ID,Player,Team,Games,Minutes,Points,Goals,Behinds,Disposals,Handballs,Kicks,Marks,Hitouts,Clearances,Tackles,Rushed Behinds,Frees For,Frees Against,50m Penalties
Macrae_197601,J. Macrae,Western Bulldogs,26,2636,40,6,4,881,446,435,102,1,177,128,0,44,26,1
Oliver_283457,C. Oliver,Melbourne,25,2706,84,11,18,789,431,358,89,0,187,136,0,43,45,0
Wines_381500,O. Wines,Port Adelaide,24,2248,75,10,15,777,415,362,100,0,140,105,0,33,19,3
Mitchell_241857,T. Mitchell,Hawthorn,22,2212,53,8,5,755,434,321,98,0,105,107,0,24,29,0
Petracca_973840,C. Petracca,Melbourne,25,2741,193,29,19,730,321,409,126,0,159,103,0,23,29,1
Merrett_498752,Z. Merrett,Essendon,23,2275,31,4,7,725,364,361,96,0,86,112,0,41,26,0
Laird_563426,R. Laird,Adelaide,22,2104,26,3,8,704,390,314,82,0,151,131,0,38,33,0
Parish_427589,D. Parish,Essendon,23,2275,68,10,8,701,360,341,96,0,173,90,0,13,10,4
Bontempelli_787855,M. Bontempelli,Western Bulldogs,26,2685,205,31,19,695,299,396,104,8,144,127,0,41,37,0
Lyons_635335,J. Lyons,Brisbane Lions,24,2411,67,10,7,674,279,395,118,0,149,154,0,38,11,0
Miller_838252,T. Miller,Gold Coast,21,2139,56,8,8,668,334,334,95,1,119,149,0,35,26,0
Guthrie_605727,C. Guthrie,Geelong,23,2046,32,4,8,667,325,342,129,0,114,93,0,19,16,0
Walsh_929965,S. Walsh,Carlton,22,2369,78,12,6,656,358,298,127,0,106,100,0,24,32,1
Parker_276315,L. Parker,Sydney Swans,23,2248,98,15,8,641,343,298,88,0,146,106,0,39,35,1
Boak_438788,T. Boak,Port Adelaide,23,2260,66,8,18,640,335,305,67,0,144,110,0,36,25,0
Steele_734723,J. Steele,St Kilda,22,2261,86,13,8,639,329,310,103,0,138,185,0,43,32,3
Taranto_489018,T. Taranto,GWS Giants,24,2421,91,13,13,637,265,372,118,0,104,128,0,26,23,0
Daniel_659054,C. Daniel,Western Bulldogs,25,2468,43,7,1,631,267,364,100,0,53,58,0,18,12,1
Rich_478642,D. Rich,Brisbane Lions,24,2492,28,3,10,624,110,514,137,0,25,42,0,12,11,0
Dale_955814,B. Dale,Western Bulldogs,26,2613,54,9,0,623,176,447,101,0,25,26,0,10,12,2
Keays_771584,B. Keays,Adelaide,22,2274,80,12,8,619,269,350,82,0,123,133,0,26,32,0
Lloyd_385603,J. Lloyd,Sydney Swans,22,2282,7,1,1,614,210,404,125,0,8,40,0,14,18,0
Smith_363105,B. Smith,Western Bulldogs,26,2610,115,17,13,613,259,354,97,0,76,87,0,21,19,0
Salem_643175,C. Salem,Melbourne,24,2537,20,3,2,608,203,405,145,0,24,58,0,14,18,0
Hopper_490312,J. Hopper,GWS Giants,23,2257,67,10,7,606,295,311,72,0,147,87,0,29,39,1
Kelly_259109,J. Kelly,GWS Giants,23,2344,111,16,15,601,268,333,82,0,92,129,0,23,17,0
McCluggage_853028,H. McCluggage,Brisbane Lions,24,2486,112,15,22,600,193,407,123,0,85,89,0,23,22,1
Liberatore_996854,T. Liberatore,Western Bulldogs,25,2402,96,14,12,598,313,285,65,0,190,137,0,35,26,1
Crisp_792765,J. Crisp,Collingwood,22,2293,17,2,5,594,253,341,148,0,60,80,0,16,29,0
Simpkin_921941,J. Simpkin,Nth Melbourne,22,2181,17,2,5,592,267,325,96,0,113,84,0,34,28,0
Gaff_677112,A. Gaff,West Coast,21,2275,19,3,1,577,234,343,139,0,61,35,0,16,16,0
Sheed_667955,D. Sheed,West Coast,22,2250,60,9,6,577,258,319,108,0,115,51,0,27,26,2
Seedsman_725245,P. Seedsman,Adelaide,22,2206,85,12,13,574,227,347,119,0,45,51,0,17,18,0
Brayshaw_563625,A. Brayshaw,Fremantle,20,1881,53,8,5,568,303,265,101,0,73,93,0,25,23,1
Amon_226110,K. Amon,Port Adelaide,24,2382,83,11,17,566,196,370,141,0,46,98,0,16,23,0
Hall_420141,A. Hall,Nth Melbourne,20,1853,18,2,6,558,135,423,150,0,10,44,0,8,4,0
Zorko_479721,D. Zorko,Brisbane Lions,23,2380,120,17,18,555,169,386,122,0,104,140,0,31,39,3
Mundy_731937,D. Mundy,Fremantle,22,2009,97,15,7,553,305,248,68,0,117,87,0,18,21,0
Selwood_758110,J. Selwood,Geelong,24,2179,40,6,4,552,274,278,77,0,125,113,0,53,28,3
Smith_407473,I. Smith,Geelong,24,2439,99,15,9,550,167,383,166,0,25,38,0,8,10,1
Hunter_727503,L. Hunter,Western Bulldogs,25,2577,67,10,7,546,220,326,125,0,49,60,0,33,9,1
Ward_443263,C. Ward,GWS Giants,24,2330,95,15,5,545,267,278,91,5,104,71,0,34,24,0
Short_649589,J. Short,Richmond,22,2251,8,1,2,542,131,411,134,0,11,39,0,17,8,2
Menegola_393612,S. Menegola,Geelong,23,2270,84,12,12,533,209,324,126,0,59,52,0,11,24,0
Ziebell_844721,J. Ziebell,Nth Melbourne,21,2126,12,2,0,530,104,426,155,0,8,41,0,17,14,0
Crouch_502876,B. Crouch,St Kilda,20,1870,47,7,5,527,279,248,56,0,97,109,0,23,24,2
Langdon_678982,E. Langdon,Melbourne,24,2776,87,13,9,524,209,315,130,0,25,45,0,15,8,1
Cumming_554211,I. Cumming,GWS Giants,24,2359,10,1,4,523,151,372,131,0,16,56,0,12,18,1
Dawson_463290,J. Dawson,Sydney Swans,23,2378,61,9,7,513,159,354,126,0,15,68,0,22,23,0
Kennedy_690049,J. Kennedy,Sydney Swans,21,1898,30,4,6,504,284,220,76,0,111,100,0,19,13,1
Serong_313881,C. Serong,Fremantle,22,1960,58,8,10,503,224,279,65,0,105,72,0,22,12,1
Sidebottom_405872,S. Sidebottom,Collingwood,21,2069,53,8,5,500,228,272,114,0,67,62,0,14,24,0
Curnow_247880,E. Curnow,Carlton,22,2255,63,10,3,496,178,318,106,0,68,80,0,13,22,2
Mills_864116,C. Mills,Sydney Swans,18,1794,37,6,1,495,239,256,107,0,86,96,0,22,10,3
Hind_195131,N. Hind,Essendon,22,2209,26,4,2,492,127,365,114,0,19,45,0,19,19,1
Houston_578140,D. Houston,Port Adelaide,23,2117,48,7,6,481,168,313,110,0,29,56,0,10,15,1
Tuohy_464966,Z. Tuohy,Geelong,21,2099,74,11,8,481,155,326,112,0,27,26,0,9,17,1
Byrne-Jones_260682,D. Byrne-Jones,Port Adelaide,24,2335,2,0,2,480,179,301,104,0,27,67,0,26,12,0
Stewart_962022,T. Stewart,Geelong,20,2066,3,0,3,480,102,378,178,0,6,21,0,16,13,1
O'Meara_127406,J. O'Meara,Hawthorn,18,1781,39,5,9,473,241,232,74,0,109,91,0,16,31,0
Heppell_729261,D. Heppell,Essendon,19,1964,13,2,1,470,194,276,132,0,13,47,0,15,12,0
Cripps_167454,P. Cripps,Carlton,20,2067,89,13,11,468,305,163,63,3,106,86,0,46,45,2
Ridley_293051,J. Ridley,Essendon,22,2422,0,0,0,464,124,340,132,0,1,29,0,16,13,0
Gawn_371456,M. Gawn,Melbourne,25,2728,113,16,17,463,147,316,131,804,111,71,0,33,33,2
Maynard_895120,B. Maynard,Collingwood,22,2239,6,1,0,462,126,336,120,0,10,57,0,16,26,2
Brayshaw_939318,A. Brayshaw,Melbourne,25,2517,25,3,7,460,186,274,105,0,36,61,0,12,19,0
Neale_596582,L. Neale,Brisbane Lions,17,1802,54,8,6,460,240,220,66,0,107,70,0,35,17,2
Swallow_192110,D. Swallow,Gold Coast,21,1945,43,6,7,460,202,258,106,0,57,99,0,16,24,0
Kelly_401897,T. Kelly,West Coast,19,1814,44,6,8,454,209,245,62,0,101,64,0,13,17,1
Anderson_757092,N. Anderson,Gold Coast,20,1825,6,0,6,453,189,264,83,0,81,60,0,11,19,2
Baker_904675,L. Baker,Richmond,22,2177,50,7,8,446,208,238,88,0,32,61,0,12,33,0
Shiels_519252,L. Shiels,Hawthorn,21,1997,34,5,4,444,200,244,93,0,45,100,0,17,31,0
Sinclair_990935,J. Sinclair,St Kilda,21,2074,20,3,2,444,163,281,102,0,29,48,0,9,10,0
Redden_493746,J. Redden,West Coast,18,1832,19,3,1,443,235,208,103,0,70,71,0,20,13,0
Lukosius_608508,J. Lukosius,Gold Coast,22,2243,29,3,11,442,60,382,172,0,7,32,0,13,20,0
Bailey_491280,Z. Bailey,Brisbane Lions,24,2446,204,31,18,440,167,273,77,0,67,68,0,20,45,1
Davies-Uniacke_363201,L. Davies-Uniacke,Nth Melbourne,20,1971,48,6,12,439,210,229,97,0,90,64,0,11,27,1
Duryea_226119,T. Duryea,Western Bulldogs,25,2444,6,1,0,437,156,281,132,0,11,48,0,22,15,0
Florent_852956,O. Florent,Sydney Swans,23,2259,60,9,6,436,163,273,94,0,51,50,0,18,18,1
Hill_908478,B. Hill,St Kilda,22,2251,19,3,1,434,155,279,86,0,17,50,0,6,21,0
Smith_734091,B. Smith,Adelaide,21,2080,16,2,4,433,101,332,107,0,22,38,0,9,8,1
Burton_959588,R. Burton,Port Adelaide,24,2224,1,0,1,432,113,319,133,0,16,61,0,14,23,0
Parfitt_766826,B. Parfitt,Geelong,23,2036,55,8,7,432,207,225,33,0,72,128,0,34,29,3
Robinson_121686,M. Robinson,Brisbane Lions,22,2127,49,7,7,430,133,297,98,0,49,64,0,27,23,1
Worpel_606062,J. Worpel,Hawthorn,20,1872,68,10,8,426,194,232,54,0,83,82,0,15,27,1
Birchall_310194,G. Birchall,Brisbane Lions,23,2295,12,2,0,425,118,307,160,0,13,23,0,3,9,0
Whitfield_448302,L. Whitfield,GWS Giants,17,1698,19,3,1,425,142,283,107,0,25,41,0,15,11,0
Drew_477799,W. Drew,Port Adelaide,24,2066,28,4,4,424,247,177,52,0,97,164,0,21,30,0
Saad_677970,A. Saad,Carlton,22,2187,18,2,6,424,113,311,73,0,16,39,0,15,10,2
Ellis_669570,B. Ellis,Gold Coast,18,1788,32,5,2,423,150,273,130,0,31,47,0,11,17,0
de_713253,J. de Goey,Collingwood,20,1957,161,23,23,420,169,251,108,0,60,38,0,12,18,0
Ross_720653,S. Ross,St Kilda,20,2027,38,5,8,420,195,225,91,0,60,61,0,12,12,0
Graham_189103,J. Graham,Richmond,22,2111,73,11,7,418,198,220,56,0,39,122,0,21,27,0
Hardwick_100721,B. Hardwick,Hawthorn,20,2037,2,0,2,417,106,311,108,0,13,41,0,22,10,1
Pendlebury_142583,S. Pendlebury,Collingwood,18,1660,28,4,4,417,220,197,67,0,79,69,0,13,10,0
Cerra_447001,A. Cerra,Fremantle,18,1635,40,5,10,415,165,250,93,0,64,47,0,21,12,1
Aish_136078,J. Aish,Fremantle,22,2188,14,1,8,414,178,236,92,0,36,50,0,13,13,0
Ryan_941324,L. Ryan,Fremantle,19,2015,0,0,0,414,82,332,136,0,5,34,0,13,19,0
Scrimshaw_161227,J. Scrimshaw,Hawthorn,20,1799,26,4,2,412,163,249,127,0,17,29,0,8,3,1
Noble_926210,J. Noble,Collingwood,22,2016,12,2,0,409,149,260,114,0,12,57,0,23,14,1
Neal-Bullen_678302,A. Neal-Bullen,Melbourne,25,2312,101,15,11,407,153,254,80,0,44,111,0,29,20,0
Phillips_627476,T. Phillips,Hawthorn,22,2129,83,13,5,406,165,241,93,0,32,47,0,23,6,0
Schoenberg_576179,H. Schoenberg,Adelaide,22,1949,69,10,9,405,175,230,62,0,68,78,0,16,32,1
Bowes_500971,J. Bowes,Gold Coast,19,1814,8,1,2,404,97,307,97,0,15,38,0,10,15,1
Mayne_676587,C. Mayne,Collingwood,17,1658,0,0,0,403,178,225,129,0,8,44,0,12,9,0
Cunnington_804411,B. Cunnington,Nth Melbourne,15,1487,62,9,8,402,199,203,62,0,113,74,0,30,31,2
Sloane_902061,R. Sloane,Adelaide,18,1803,20,3,2,402,204,198,67,0,97,86,0,24,17,0
May_908166,S. May,Melbourne,23,2627,2,0,2,400,61,339,125,0,6,24,0,14,17,0
Perryman_271174,H. Perryman,GWS Giants,18,1755,29,4,5,400,132,268,92,0,25,39,0,12,6,0
Treloar_887276,A. Treloar,Western Bulldogs,17,1570,87,13,9,395,209,186,50,0,54,73,0,10,16,1
Bolton_581603,S. Bolton,Richmond,20,1921,158,23,20,393,185,208,82,0,71,55,0,13,26,1
Ash_491008,L. Ash,GWS Giants,23,2132,7,1,1,392,127,265,112,0,18,63,0,6,10,1
Powell_637663,W. Powell,Gold Coast,22,2238,7,1,1,392,132,260,115,0,12,54,0,21,14,1
Lever_177179,J. Lever,Melbourne,25,3028,1,0,1,389,147,242,136,0,1,44,0,23,23,1
Redman_989754,M. Redman,Essendon,22,2093,38,6,2,387,142,245,101,0,7,44,0,11,17,0
Adams_680828,T. Adams,Collingwood,14,1253,14,2,2,382,187,195,46,0,100,79,0,30,15,1
Grundy_641752,B. Grundy,Collingwood,20,1909,78,12,6,382,197,185,72,648,79,84,0,31,43,0
Thomas_299654,T. Thomas,Nth Melbourne,21,1917,161,24,17,382,149,233,96,0,57,72,0,29,19,1
Williams_732888,B. Williams,Western Bulldogs,23,2309,8,1,2,382,136,246,103,0,8,53,0,10,12,0
McInerney_263610,J. McInerney,Sydney Swans,21,2020,44,7,2,379,150,229,113,1,18,23,0,21,19,0
Rivers_554511,T. Rivers,Melbourne,25,2134,7,1,1,378,137,241,101,0,12,39,0,7,14,1
Atkins_352969,T. Atkins,Geelong,22,2223,1,0,1,376,169,207,85,0,27,75,0,9,27,0
Hewett_124086,G. Hewett,Sydney Swans,21,2002,0,0,0,376,216,160,74,0,49,71,0,12,15,0
Harmes_443934,J. Harmes,Melbourne,18,1672,52,7,10,374,222,152,52,0,55,94,0,20,24,1
Haynes_987262,N. Haynes,GWS Giants,21,2121,7,1,1,373,120,253,156,0,6,17,0,14,13,0
Howe_283487,D. Howe,Hawthorn,20,1794,53,8,5,373,124,249,109,0,22,40,0,18,17,1
Dangerfield_590308,P. Dangerfield,Geelong,16,1407,55,8,7,371,159,212,71,0,98,53,0,28,22,1
Aliir_688794,A. Aliir,Port Adelaide,24,2810,1,0,1,368,100,268,156,5,6,37,0,25,20,0
Stephenson_934810,J. Stephenson,Nth Melbourne,19,1855,121,17,19,368,119,249,109,0,30,48,0,16,10,1
Jordon_849960,J. Jordon,Melbourne,25,1660,42,6,6,363,185,178,64,0,29,96,0,18,9,0
Fyfe_153447,N. Fyfe,Fremantle,15,1465,57,6,21,362,207,155,58,0,89,61,0,18,35,0
Martin_939106,D. Martin,Richmond,16,1627,121,19,7,362,162,200,46,0,57,36,0,9,12,2
Quaynor_674795,I. Quaynor,Collingwood,20,2013,8,1,2,362,141,221,95,0,10,45,0,18,13,0
Rampe_379234,D. Rampe,Sydney Swans,20,2316,1,0,1,361,113,248,123,0,4,34,0,14,24,4
Weitering_304157,J. Weitering,Carlton,22,2601,1,0,1,361,60,301,167,2,5,30,0,18,14,0
Billings_358617,J. Billings,St Kilda,18,1840,98,14,14,360,142,218,113,0,18,35,0,14,10,0
Green_385059,T. Green,GWS Giants,18,1558,48,7,6,360,221,139,55,1,76,53,0,18,15,0
Wingard_841703,C. Wingard,Hawthorn,16,1494,83,12,11,357,158,199,58,0,51,62,0,19,8,0
Jonas_109234,T. Jonas,Port Adelaide,24,2793,0,0,0,354,94,260,133,0,6,37,0,21,19,2
Langford_866555,K. Langford,Essendon,17,1715,81,13,3,354,152,202,98,2,34,57,0,11,18,1
Snelling_539328,W. Snelling,Essendon,20,2013,79,12,7,354,199,155,74,0,28,99,0,21,9,1
Cotchin_859223,T. Cotchin,Richmond,17,1444,12,2,0,353,147,206,53,0,68,57,0,17,13,2
Andrews_213458,H. Andrews,Brisbane Lions,23,2784,7,1,1,351,132,219,181,0,2,29,0,16,26,0
Darcy_625838,S. Darcy,Fremantle,21,2038,84,12,12,349,193,156,90,599,99,64,0,22,39,0
Dunkley_224306,J. Dunkley,Western Bulldogs,15,1451,38,5,8,349,220,129,56,0,59,78,0,15,7,0
Doedee_544574,T. Doedee,Adelaide,21,2292,7,1,1,348,145,203,100,0,6,47,0,19,22,0
Hickey_569723,T. Hickey,Sydney Swans,21,2067,67,10,7,347,154,193,60,504,103,45,0,25,38,0
Sheppard_181208,B. Sheppard,West Coast,20,2179,0,0,0,347,127,220,129,0,6,32,0,12,5,0
Atley_713928,S. Atley,Nth Melbourne,20,1977,7,1,1,344,154,190,107,0,6,26,0,14,7,0
Bews_318227,J. Bews,Geelong,25,2462,20,3,2,344,125,219,117,0,17,49,0,17,15,0
Cunningham_115166,H. Cunningham,Sydney Swans,21,2196,0,0,0,342,113,229,108,0,5,55,0,13,14,0
Daniher_723336,J. Daniher,Brisbane Lions,24,2822,308,46,32,342,83,259,117,49,23,25,0,30,33,0
Hawkins_129883,T. Hawkins,Geelong,25,2922,409,62,37,342,127,215,129,92,25,50,0,14,35,7
Docherty_354156,S. Docherty,Carlton,14,1511,0,0,0,340,88,252,107,0,20,31,0,16,4,0
McGrath_948538,A. McGrath,Essendon,15,1362,16,2,4,339,168,171,43,0,59,66,0,17,10,2
Henry_275822,J. Henry,Geelong,24,2764,44,7,2,336,119,217,150,10,7,43,0,17,8,0
Naitanui_802912,N. Naitanui,West Coast,22,1832,25,3,7,335,181,154,34,683,159,64,0,30,17,0
Rozee_607013,C. Rozee,Port Adelaide,21,2196,139,21,13,335,159,176,71,0,23,60,0,25,14,2
Viney_989069,J. Viney,Melbourne,15,1406,31,4,7,335,173,162,37,0,80,106,0,30,18,0
Frost_495239,S. Frost,Hawthorn,22,2453,0,0,0,334,140,194,112,3,6,44,0,7,31,1
Higgins_289243,S. Higgins,Geelong,18,1518,36,4,12,334,177,157,80,0,35,49,0,11,13,1
Sholl_640748,L. Sholl,Adelaide,19,1755,25,3,7,334,126,208,78,0,23,21,0,7,5,1
Heeney_240940,I. Heeney,Sydney Swans,21,2061,237,36,21,333,111,222,119,1,16,41,0,22,16,1
Wilkie_162592,C. Wilkie,St Kilda,22,2580,1,0,1,333,85,248,126,0,4,39,0,17,26,0
Blicavs_727139,M. Blicavs,Geelong,24,2593,30,5,0,330,166,164,94,283,58,68,0,32,23,0
Hurn_959393,S. Hurn,West Coast,15,1258,0,0,0,327,67,260,103,0,3,25,0,9,5,0
Bergman_252302,M. Bergman,Port Adelaide,23,1961,49,7,7,325,126,199,101,0,16,42,0,16,5,1
Howard_677499,D. Howard,St Kilda,21,2403,1,0,1,324,68,256,103,1,6,25,0,14,15,2
Jiath_417332,C. Jiath,Hawthorn,16,1531,2,0,2,324,152,172,93,0,13,26,0,17,22,1
Acres_730471,B. Acres,Fremantle,18,1710,12,2,0,322,138,184,67,10,27,45,0,12,18,2
Daicos_900201,J. Daicos,Collingwood,17,1591,63,9,9,322,149,173,48,0,43,53,0,19,14,0
Henderson_209051,L. Henderson,Geelong,21,2546,20,3,2,322,92,230,146,0,5,26,0,20,19,1
McDonald_624729,T. McDonald,Melbourne,23,2352,220,33,22,322,105,217,122,30,7,51,0,22,26,1
Webster_824794,J. Webster,St Kilda,20,1846,6,1,0,322,117,205,93,0,10,29,0,12,9,0
Gray_370006,R. Gray,Port Adelaide,18,1787,128,20,8,318,161,157,67,0,53,48,0,16,14,1
Laverde_171032,J. Laverde,Essendon,23,2378,6,1,0,318,116,202,134,0,4,35,0,17,25,1
Duncan_301980,M. Duncan,Geelong,13,1164,50,8,2,315,115,200,98,0,35,33,0,16,5,0
Cripps_740039,J. Cripps,West Coast,22,2335,182,26,26,314,109,205,82,0,24,86,0,17,20,1
Goldstein_209878,T. Goldstein,Nth Melbourne,22,2389,76,12,4,314,154,160,80,652,76,42,0,35,24,1
Hoskin-Elliott_822927,W. Hoskin-Elliott,Collingwood,20,1984,80,13,2,314,101,213,124,0,16,45,0,6,14,1
Papley_462245,T. Papley,Sydney Swans,23,2446,285,43,27,313,83,230,89,0,27,34,0,21,21,2
Membrey_809400,T. Membrey,St Kilda,21,2343,230,34,26,312,85,227,151,12,3,22,0,18,10,1
Newnes_712680,J. Newnes,Carlton,19,1778,33,4,9,312,124,188,93,0,26,35,0,20,12,0
Stringer_392969,J. Stringer,Essendon,19,1844,264,41,18,311,102,209,55,0,83,76,0,30,23,0
Greene_972719,T. Greene,GWS Giants,18,1998,311,45,41,309,77,232,78,2,21,39,0,32,29,2
Kelly_395279,J. Kelly,Adelaide,20,2193,0,0,0,309,95,214,102,0,4,41,0,21,17,0
Jackson_963277,L. Jackson,Melbourne,24,2206,105,16,9,308,201,107,72,255,36,48,0,24,11,1
Moore_659076,D. Moore,Hawthorn,20,1913,173,27,11,307,147,160,76,0,10,58,0,27,9,0
McCarthy_539040,L. McCarthy,Brisbane Lions,24,2476,231,36,15,305,122,183,77,0,26,80,0,27,28,0
Rotham_261560,J. Rotham,West Coast,19,2017,1,0,1,305,73,232,161,0,1,18,0,13,17,1
Jones_985348,Z. Jones,St Kilda,13,1142,26,4,2,304,141,163,50,0,56,57,0,16,13,1
Madgen_417377,J. Madgen,Collingwood,19,1786,8,1,2,304,145,159,87,0,8,19,0,10,6,0
Wilson_149091,N. Wilson,Fremantle,18,1785,4,0,4,304,71,233,74,0,10,17,0,12,13,1
Dunstan_174614,L. Dunstan,St Kilda,12,1191,10,1,4,303,134,169,51,0,70,59,0,18,19,0
Cole_153206,T. Cole,West Coast,22,2247,0,0,0,301,98,203,105,0,7,44,0,14,24,2
Himmelberg_567690,H. Himmelberg,GWS Giants,24,2685,235,36,19,301,107,194,108,5,5,46,0,23,21,3
McInerney_377416,O. McInerney,Brisbane Lions,23,2379,41,6,5,301,145,156,53,671,127,51,0,39,30,2
Starcevich_898430,B. Starcevich,Brisbane Lions,24,2559,0,0,0,298,82,216,90,0,11,41,0,15,26,0
McCartin_716281,T. McCartin,Sydney Swans,22,2500,0,0,0,297,102,195,111,0,8,23,0,17,16,1
Motlop_589589,S. Motlop,Port Adelaide,19,1840,86,13,8,297,128,169,82,0,7,47,0,13,11,0
Pickett_367354,K. Pickett,Melbourne,25,2333,268,40,28,297,103,194,59,0,25,87,0,20,21,2
Dixon_185816,C. Dixon,Port Adelaide,24,2766,312,48,24,295,117,178,97,103,22,50,0,39,27,3
Lycett_945376,S. Lycett,Port Adelaide,20,1911,42,6,6,295,155,140,56,519,65,77,0,27,38,0
Edwards_789626,S. Edwards,Richmond,16,1477,51,8,3,294,145,149,47,0,47,36,0,6,13,1
O'Brien_809728,R. O'Brien,Adelaide,20,2209,12,2,0,294,156,138,71,588,74,55,0,25,20,1
Higgins_911884,J. Higgins,St Kilda,19,1893,178,27,16,292,131,161,79,0,8,42,0,20,12,0
Close_393697,B. Close,Geelong,22,2145,100,15,10,291,159,132,61,0,17,72,0,25,8,1
English_801051,T. English,Western Bulldogs,22,2219,129,19,15,290,126,164,103,341,41,63,0,28,24,0
Ballard_109736,C. Ballard,Gold Coast,21,2345,0,0,0,288,61,227,140,0,4,25,0,20,16,2
Impey_802588,J. Impey,Hawthorn,13,1267,12,2,0,288,107,181,70,0,10,33,0,15,4,0
Spargo_442492,C. Spargo,Melbourne,25,2244,124,18,16,287,92,195,84,0,10,60,0,26,16,0
Grimes_261238,D. Grimes,Richmond,21,2193,0,0,0,286,127,159,119,0,6,47,0,23,20,2
Idun_266015,C. Idun,GWS Giants,23,2402,0,0,0,286,113,173,125,0,7,41,0,15,11,0
Markov_412046,O. Markov,Gold Coast,17,1538,10,1,4,283,90,193,107,0,4,38,0,6,5,0
Smith_181641,D. Smith,Essendon,20,1926,115,16,19,283,128,155,68,0,20,79,0,11,23,4
Gulden_436813,E. Gulden,Sydney Swans,18,1759,95,14,11,282,87,195,82,0,20,52,0,24,13,1
Pickett_406598,M. Pickett,Richmond,18,1743,16,2,4,282,163,119,63,16,24,62,0,11,34,1
Stanley_788724,R. Stanley,Geelong,19,1700,53,8,5,281,129,152,74,391,61,33,0,26,21,0
Naughton_771878,A. Naughton,Western Bulldogs,25,2565,322,47,40,280,94,186,153,2,3,39,0,21,16,1
Bonner_444628,R. Bonner,Port Adelaide,14,1323,13,2,1,279,73,206,67,0,6,16,0,5,9,0
Colyer_553172,T. Colyer,Fremantle,22,2174,109,15,19,278,83,195,75,0,12,44,0,6,9,1
Keath_538933,A. Keath,Western Bulldogs,23,2669,1,0,1,278,117,161,110,11,8,43,0,20,18,1
Roughead_113407,J. Roughead,Collingwood,21,2370,0,0,0,277,87,190,137,9,4,35,0,12,14,0
Houli_358149,B. Houli,Richmond,12,1175,6,1,0,275,116,159,77,0,11,40,0,8,5,0
McEvoy_840739,B. McEvoy,Hawthorn,22,2171,80,12,8,275,140,135,111,371,45,76,0,28,14,1
Newman_324241,N. Newman,Carlton,14,1363,1,0,1,275,76,199,86,0,5,54,0,18,11,2
Hunt_169512,J. Hunt,Melbourne,20,1924,15,2,3,274,95,179,64,0,12,49,0,16,19,0
Taylor_736312,S. Taylor,GWS Giants,19,2190,0,0,0,273,109,164,116,0,4,39,0,22,8,0
Tucker_212243,D. Tucker,Fremantle,16,1609,2,0,2,272,120,152,64,0,13,29,0,10,12,1
Kolodjashnij_632289,J. Kolodjashnij,Geelong,22,2252,6,1,0,269,104,165,120,0,1,27,0,7,15,0
Lambert_149765,K. Lambert,Richmond,13,1228,40,6,4,268,131,137,54,0,13,40,0,8,13,0
Lemmens_472710,S. Lemmens,Gold Coast,21,2080,0,0,0,268,72,196,76,0,6,44,0,12,31,0
Nankervis_863418,T. Nankervis,Richmond,16,1464,11,1,5,268,154,114,49,361,69,57,0,22,28,1
Darling_514292,J. Darling,West Coast,22,2616,271,42,19,267,91,176,123,16,5,53,0,29,25,1
Duggan_338823,L. Duggan,West Coast,14,1427,0,0,0,266,78,188,94,0,7,30,0,4,9,1
Thomas_932416,J. Thomas,Collingwood,20,1699,81,12,9,266,118,148,66,0,13,51,0,19,8,1
Williams_916341,Z. Williams,Carlton,14,1247,34,5,4,264,63,201,55,0,27,26,0,11,14,1
Yeo_133108,E. Yeo,West Coast,12,1133,25,3,7,264,114,150,27,0,83,63,0,20,20,1
Greenwood_209353,H. Greenwood,Gold Coast,15,1306,42,6,6,263,110,153,25,8,93,129,0,16,7,0
McIntosh_832204,K. McIntosh,Richmond,17,1582,10,1,4,263,81,182,69,0,18,41,0,13,19,1
Rowbottom_967243,J. Rowbottom,Sydney Swans,17,1307,39,6,3,263,110,153,35,0,43,105,0,12,14,0
Ainsworth_263921,B. Ainsworth,Gold Coast,17,1581,90,12,18,261,74,187,90,0,12,35,0,14,14,2
Cameron_266756,C. Cameron,Brisbane Lions,24,2613,363,55,33,261,62,199,95,0,14,53,0,18,19,1
Turner_809600,K. Turner,Nth Melbourne,22,2188,16,2,4,260,126,134,68,0,19,59,0,35,16,3
Cox_467372,N. Cox,Essendon,22,1894,63,9,9,259,107,152,81,13,20,47,0,16,23,1
McHenry_894420,N. McHenry,Adelaide,21,2017,73,11,7,258,138,120,54,0,13,66,0,21,37,3
Walker_567171,J. Walker,Nth Melbourne,21,2238,19,3,1,256,103,153,114,14,2,23,0,10,9,4
Dahlhaus_541002,L. Dahlhaus,Geelong,21,1841,57,7,15,253,150,103,41,0,16,80,0,18,19,1
Johannissen_628330,J. Johannissen,Western Bulldogs,25,2169,102,15,12,251,99,152,67,0,8,41,0,9,7,0
Taylor_237308,C. Taylor,Nth Melbourne,19,1607,47,7,5,251,97,154,79,0,10,40,0,13,13,0
Dumont_515621,T. Dumont,Nth Melbourne,14,1327,0,0,0,250,82,168,75,0,21,26,0,5,6,0
Clark_274271,H. Clark,St Kilda,13,1128,13,2,1,249,95,154,53,0,20,40,0,8,16,1
Butler_603738,D. Butler,St Kilda,22,2317,125,18,17,248,78,170,43,0,9,82,0,18,20,2
Byrnes_394961,R. Byrnes,St Kilda,16,1362,37,6,1,247,116,131,76,0,21,28,0,9,1,1
Rioli_965910,D. Rioli,Richmond,19,1586,60,9,6,247,127,120,54,0,10,46,0,19,11,0
Castagna_248814,J. Castagna,Richmond,21,1974,115,17,13,246,126,120,85,0,7,41,0,13,3,0
Fogarty_751943,L. Fogarty,Carlton,17,1499,42,6,6,246,107,139,57,0,25,62,0,16,11,0
McGovern_997353,J. McGovern,West Coast,15,1477,0,0,0,246,50,196,111,9,3,15,0,17,9,0
Wright_325476,P. Wright,Essendon,21,2036,188,29,14,246,100,146,89,205,22,37,0,32,23,0
Wicks_936878,S. Wicks,Sydney Swans,22,2112,120,17,18,245,102,143,65,0,6,89,0,17,23,1
Fritsch_119524,B. Fritsch,Melbourne,24,2510,378,59,24,244,54,190,116,0,2,47,0,18,21,1
McPherson_897254,A. McPherson,Adelaide,18,1549,0,0,0,244,88,156,54,0,6,29,0,8,7,0
Dow_680680,P. Dow,Carlton,17,1311,26,4,2,242,147,95,28,0,50,37,0,9,13,0
Rowe_538068,J. Rowe,Adelaide,19,1757,101,15,11,241,118,123,41,0,9,35,0,18,9,1
Weller_797198,L. Weller,Gold Coast,13,1195,45,7,3,241,104,137,71,0,23,45,0,5,8,0
Mackay_252391,D. Mackay,Adelaide,18,1629,42,6,6,240,93,147,42,0,16,40,0,16,7,0
Riewoldt_941837,J. Riewoldt,Richmond,22,2450,335,51,29,240,53,187,107,0,5,38,0,12,24,1
Kennedy_427902,M. Kennedy,Carlton,13,1018,38,6,2,239,101,138,60,0,41,54,0,11,10,1
Breust_421748,L. Breust,Hawthorn,19,1804,209,33,11,238,117,121,47,0,16,61,0,11,13,0
Perkins_174952,A. Perkins,Essendon,21,1725,68,9,14,238,122,116,58,0,11,42,0,12,13,2
Stocker_938239,L. Stocker,Carlton,17,1641,13,2,1,238,75,163,58,0,8,38,0,15,10,1
Adams_690179,M. Adams,Brisbane Lions,17,1949,0,0,0,237,71,166,92,0,2,30,0,13,15,0
Guelfi_772845,M. Guelfi,Essendon,20,1543,40,6,4,236,112,124,74,0,18,54,0,11,19,0
Zurhaar_698063,C. Zurhaar,Nth Melbourne,20,1842,209,31,23,235,72,163,75,0,17,58,0,19,27,0
Fiorini_603846,B. Fiorini,Gold Coast,10,773,14,2,2,234,101,133,52,0,40,47,0,7,6,0
Astbury_778009,D. Astbury,Richmond,17,1831,0,0,0,233,97,136,93,15,7,23,0,14,11,0
Nelson_252350,J. Nelson,West Coast,19,1748,1,0,1,233,57,176,76,0,14,26,0,4,7,0
Miers_993543,G. Miers,Geelong,15,1517,79,12,7,232,102,130,58,0,10,23,0,12,4,0
Butts_469377,J. Butts,Adelaide,22,2460,0,0,0,231,80,151,85,0,0,30,0,23,17,0
Ladhams_712068,P. Ladhams,Port Adelaide,17,1649,83,13,5,231,102,129,58,230,34,40,0,24,20,2
Morrison_559726,H. Morrison,Hawthorn,15,1290,44,7,2,231,107,124,67,0,20,35,0,7,14,0
Broad_634768,N. Broad,Richmond,14,1513,0,0,0,229,70,159,89,0,2,17,0,7,4,0
Collins_497197,S. Collins,Gold Coast,19,2167,0,0,0,229,78,151,119,0,2,32,0,18,20,0
Coffield_247785,N. Coffield,St Kilda,16,1532,7,1,1,228,69,159,89,0,5,25,0,18,10,0
Ham_599383,B. Ham,Essendon,19,1484,40,5,10,228,110,118,57,0,6,30,0,5,9,0
Mihocek_194309,B. Mihocek,Collingwood,21,2142,238,34,34,228,50,178,123,0,3,35,0,16,19,1
Hibberd_863055,M. Hibberd,Melbourne,17,1686,0,0,0,227,100,127,58,0,7,35,0,16,10,1
Walker_688959,T. Walker,Adelaide,17,1802,317,48,29,226,72,154,90,40,17,23,0,20,21,1
Butters_146554,Z. Butters,Port Adelaide,12,1123,50,8,2,225,114,111,49,0,31,41,0,12,12,1
Walters_215095,M. Walters,Fremantle,16,1571,95,14,11,223,76,147,63,0,19,32,0,21,14,0
Aarts_137985,J. Aarts,Richmond,21,1816,120,18,12,222,100,122,53,0,11,53,0,20,27,4
Barrass_821397,T. Barrass,West Coast,16,1705,0,0,0,221,53,168,117,1,1,10,0,14,6,0
Bruce_522795,J. Bruce,Western Bulldogs,20,2122,309,48,21,221,83,138,100,28,5,26,0,14,26,0
Moore_296198,D. Moore,Collingwood,13,1431,25,4,1,221,68,153,107,0,1,12,0,9,16,0
Mahony_108802,J. Mahony,Nth Melbourne,19,1736,58,9,4,220,104,116,54,0,12,61,0,13,13,2
Schultz_686619,L. Schultz,Fremantle,20,1904,149,22,17,220,72,148,80,0,3,54,0,20,18,1
Cameron_183032,D. Cameron,Collingwood,18,1729,141,22,9,219,72,147,99,121,29,32,0,20,15,0
Jones_840568,L. Jones,Carlton,19,2235,1,0,1,219,41,178,105,0,6,19,0,24,16,0
O'Brien_615204,T. O'Brien,Hawthorn,19,1821,77,12,5,219,72,147,90,12,4,32,0,18,16,1
Plowman_274761,L. Plowman,Carlton,19,2114,6,1,0,219,59,160,85,0,2,20,0,14,13,0
Powell-Pepper_125413,S. Powell-Pepper,Port Adelaide,16,1253,68,10,8,219,104,115,39,0,24,61,0,13,18,0
Vlastuin_794556,N. Vlastuin,Richmond,12,1200,1,0,1,218,63,155,82,0,4,27,0,9,14,2
Burgoyne_417730,S. Burgoyne,Hawthorn,18,1422,7,1,1,217,84,133,46,0,7,30,0,5,5,0
Powell_791401,T. Powell,Nth Melbourne,13,1174,26,4,2,217,110,107,47,0,22,49,0,7,7,0
Scott_579789,B. Scott,Nth Melbourne,17,1517,53,8,5,217,106,111,52,0,14,32,0,5,7,0
Sexton_859994,A. Sexton,Gold Coast,21,1671,140,21,14,217,50,167,87,0,5,22,0,14,7,1
Warner_937423,C. Warner,Sydney Swans,13,1218,53,8,5,216,81,135,31,0,32,49,0,6,17,1
Lynch_858502,T. Lynch,Adelaide,12,1125,57,8,9,215,86,129,64,0,11,15,0,13,8,1
Narkle_587959,Q. Narkle,Geelong,16,849,28,4,4,215,129,86,37,0,40,25,0,3,6,0
Marshall_502166,T. Marshall,Port Adelaide,21,1751,156,24,12,214,55,159,85,5,6,28,0,18,8,1
Rohan_508338,G. Rohan,Geelong,21,2082,210,32,18,214,67,147,75,0,4,41,0,22,14,0
Blakey_128139,N. Blakey,Sydney Swans,17,1329,24,3,6,213,75,138,65,12,6,28,0,7,6,0
Franklin_246786,L. Franklin,Sydney Swans,18,1954,330,51,24,213,56,157,81,0,2,46,0,24,34,0
McKenzie_374287,T. McKenzie,Port Adelaide,14,1542,6,1,0,213,30,183,84,0,2,24,0,6,7,0
Stewart_277935,J. Stewart,Essendon,17,1802,0,0,0,213,77,136,89,0,1,19,0,7,22,1
Allen_563888,O. Allen,West Coast,21,2089,184,28,16,212,58,154,100,31,9,39,0,20,19,0
Rankine_555412,I. Rankine,Gold Coast,18,1795,107,16,11,212,92,120,51,0,26,46,0,16,28,4
Georgiades_559051,M. Georgiades,Port Adelaide,21,1901,209,32,17,210,76,134,93,0,1,37,0,15,31,0
Larkey_681686,N. Larkey,Nth Melbourne,22,2273,267,42,15,210,87,123,84,31,6,27,0,32,12,2
McKay_310354,B. McKay,Nth Melbourne,22,2484,0,0,0,210,111,99,95,0,3,31,0,14,17,1
Robertson_721804,D. Robertson,Brisbane Lions,16,1398,26,4,2,210,100,110,53,0,18,67,0,10,9,0
Hayward_321710,W. Hayward,Sydney Swans,20,1884,183,28,15,208,74,134,81,0,5,60,0,15,18,2
Duursma_595999,X. Duursma,Port Adelaide,11,1071,21,3,3,207,96,111,52,0,11,29,0,13,9,0
Hooker_484755,C. Hooker,Essendon,18,1841,222,33,24,206,100,106,65,11,7,27,0,12,18,3
O'Connor_582915,M. O'Connor,Geelong,14,1301,6,1,0,206,95,111,48,0,32,40,0,11,13,0
Holman_703320,N. Holman,Gold Coast,16,1437,65,10,5,205,94,111,67,0,12,72,0,15,15,0
Lloyd_753687,D. Lloyd,GWS Giants,16,1606,128,20,8,203,63,140,68,0,7,44,0,8,19,2
Marshall_167908,R. Marshall,St Kilda,13,1142,59,9,5,203,66,137,63,240,32,39,0,18,13,2
Hartigan_146294,K. Hartigan,Hawthorn,19,2177,0,0,0,201,95,106,66,2,4,16,0,15,28,4
McDonald-Tipungwuti_599591,A. McDonald-Tipungwuti,Essendon,20,1927,218,34,14,201,72,129,49,0,12,56,0,16,18,1
Elliott_848117,J. Elliott,Collingwood,13,1216,158,25,8,200,73,127,61,0,15,32,0,10,15,0
Prestia_765174,D. Prestia,Richmond,9,740,9,1,3,200,107,93,29,0,38,37,0,17,8,1
Silvagni_610547,J. Silvagni,Carlton,15,1382,67,9,13,200,70,130,70,17,12,38,0,14,12,0
Witherden_986227,A. Witherden,West Coast,9,936,6,1,0,200,34,166,59,0,3,18,0,5,12,2
Ah_912440,C. Ah Chee,Brisbane Lions,21,1959,42,7,0,199,96,103,34,0,12,58,0,5,18,0
Lynch_806031,T. Lynch,Richmond,18,2007,243,35,33,199,69,130,87,26,7,28,0,17,24,1
Lester_520928,R. Lester,Brisbane Lions,17,1656,6,1,0,198,86,112,72,0,1,32,0,10,12,0
Petrevski-Seton_510738,S. Petrevski-Seton,Carlton,14,1072,9,1,3,198,64,134,56,0,10,26,0,7,7,1
King_159657,M. King,St Kilda,20,2029,258,38,30,193,67,126,91,11,1,16,0,17,14,0
McStay_717976,D. McStay,Brisbane Lions,19,1944,178,28,10,191,71,120,88,8,7,58,0,19,9,1
Murphy_952076,M. Murphy,Carlton,15,1099,52,8,4,191,76,115,47,0,18,24,0,8,4,0
Flanders_866106,S. Flanders,Gold Coast,16,1301,29,4,5,189,93,96,46,0,19,62,0,22,8,0
McDonald_213034,L. McDonald,Nth Melbourne,11,998,2,0,2,189,75,114,57,0,8,28,0,2,10,0
Cousins_840610,J. Cousins,Hawthorn,10,831,17,2,5,187,86,101,27,0,19,37,0,8,6,0
Battle_317260,J. Battle,St Kilda,16,1247,25,3,7,186,73,113,61,2,9,47,0,13,11,2
Jones_413045,C. Jones,Adelaide,15,1336,9,1,3,186,58,128,43,0,2,19,0,6,15,0
Sparrow_868438,T. Sparrow,Melbourne,21,1170,46,7,4,186,84,102,40,0,21,57,0,13,14,0
McKay_861232,H. McKay,Carlton,19,2015,381,58,33,185,31,154,113,6,1,27,0,27,17,2
Logue_916164,G. Logue,Fremantle,16,1759,0,0,0,184,71,113,76,0,0,22,0,13,12,0
Scott_303629,A. Scott,Western Bulldogs,21,1654,68,10,8,184,96,88,33,0,12,34,0,17,5,0
Balta_125644,N. Balta,Richmond,14,1336,13,2,1,183,54,129,65,14,6,18,0,7,10,0
Bramble_919693,L. Bramble,Hawthorn,10,1005,9,1,3,183,64,119,44,0,5,20,0,7,3,0
Cordy_373257,Z. Cordy,Western Bulldogs,19,2269,0,0,0,183,57,126,67,5,4,38,0,18,12,0
Fox_385464,R. Fox,Sydney Swans,15,1254,0,0,0,182,87,95,40,1,4,28,0,5,7,0
Langdon_338551,Z. Langdon,West Coast,17,1311,43,6,7,182,101,81,55,0,1,35,0,6,14,0
Betts_355475,E. Betts,Carlton,19,1845,178,27,16,180,59,121,42,0,11,31,0,8,14,0
Ceglar_588717,J. Ceglar,Hawthorn,12,1052,14,2,2,180,113,67,53,251,48,26,0,10,16,0
King_211960,B. King,Gold Coast,22,2398,307,47,25,180,54,126,90,4,2,17,0,18,11,1
McKenzie_896926,D. McKenzie,St Kilda,12,1035,30,5,0,180,75,105,56,0,16,20,0,6,11,0
O'Halloran_149722,X. O'Halloran,GWS Giants,17,1393,33,5,3,180,56,124,42,0,14,22,0,10,8,0
Cutler_533826,T. Cutler,Essendon,13,985,10,1,4,178,65,113,51,0,3,16,0,5,2,1
Fantasia_534177,O. Fantasia,Port Adelaide,15,1448,191,28,23,178,52,126,48,0,8,30,0,10,6,0
Kennedy_559402,J. Kennedy,West Coast,18,1829,267,41,21,178,47,131,89,2,3,21,0,14,16,0
Daniels_477815,B. Daniels,GWS Giants,13,1118,16,2,4,177,86,91,22,0,21,35,0,12,4,1
Petruccelle_192275,J. Petruccelle,West Coast,17,1408,104,16,8,177,69,108,60,0,7,27,0,4,13,0
Taberner_523189,M. Taberner,Fremantle,16,1701,239,37,17,177,42,135,89,0,1,10,0,16,17,2
Murphy_493890,L. Murphy,Adelaide,15,1346,69,9,15,176,76,100,25,0,21,34,0,22,9,0
Wood_367663,E. Wood,Western Bulldogs,15,1443,12,2,0,176,65,111,70,0,1,22,0,9,12,0
Cameron_613159,J. Cameron,Geelong,15,1519,250,39,16,175,57,118,57,0,4,16,0,17,13,0
Burgess_413349,C. Burgess,Gold Coast,19,1819,70,10,10,174,62,112,67,177,33,42,0,16,12,0
Brown_298016,C. Brown,Collingwood,15,1062,24,3,6,173,107,66,41,0,13,44,0,8,5,0
Hamill_704384,W. Hamill,Adelaide,17,1468,0,0,0,173,79,94,27,0,7,35,0,18,8,0
Waterman_857607,J. Waterman,West Coast,14,1302,86,13,8,173,44,129,89,0,4,27,0,11,7,0
Highmore_448453,T. Highmore,St Kilda,13,1058,0,0,0,172,75,97,66,0,3,31,0,10,13,1
Buckley_845101,J. Buckley,GWS Giants,15,1511,2,0,2,169,57,112,68,1,3,34,0,7,17,0
Francis_349809,A. Francis,Essendon,15,1496,18,2,6,169,70,99,70,1,2,17,0,15,12,0
Hipwood_432039,E. Hipwood,Brisbane Lions,16,1754,176,26,20,169,51,118,79,0,1,20,0,12,17,2
Mathieson_649044,R. Mathieson,Brisbane Lions,15,846,14,2,2,169,85,84,36,0,35,39,0,8,14,0
Rowell_897656,M. Rowell,Gold Coast,12,997,12,2,0,169,103,66,22,0,45,49,0,24,13,0
Brander_246502,J. Brander,West Coast,11,1089,36,5,6,168,60,108,53,0,9,11,0,5,3,1
Lobb_323667,R. Lobb,Fremantle,13,1509,139,20,19,168,60,108,74,54,14,15,0,13,5,0
Young_338190,L. Young,Nth Melbourne,15,1266,2,0,2,168,60,108,58,0,9,23,0,13,16,1
Crowden_191655,M. Crowden,Fremantle,16,1304,37,5,7,167,97,70,34,0,12,29,0,8,4,1
Hannan_596146,M. Hannan,Western Bulldogs,17,1684,97,14,13,167,53,114,59,6,5,51,0,11,8,0
Smith_930411,R. Smith,Western Bulldogs,14,1256,22,3,4,167,88,79,29,0,11,34,0,4,7,1
Cottrell_661663,M. Cottrell,Carlton,14,1210,20,3,2,165,47,118,37,0,8,31,0,5,9,0
Poulter_601381,C. Poulter,Collingwood,11,1021,17,2,5,165,58,107,55,0,7,22,0,9,6,0
Sharp_525376,J. Sharp,Gold Coast,9,848,15,2,3,165,52,113,53,0,8,7,0,6,4,0
Koschitzke_645040,J. Koschitzke,Hawthorn,20,2044,181,27,19,163,65,98,77,1,0,38,0,13,7,0
Coleman_312307,K. Coleman,Brisbane Lions,18,1312,41,6,5,162,73,89,44,0,9,32,0,16,11,0
Petty_745274,H. Petty,Melbourne,19,2070,0,0,0,161,54,107,68,0,2,31,0,11,17,1
Shuey_914340,L. Shuey,West Coast,7,564,1,0,1,161,57,104,23,0,44,30,0,18,7,1
De_168741,M. De Boer,GWS Giants,11,1048,14,2,2,160,94,66,34,0,16,40,0,5,7,1
Guthrie_392228,Z. Guthrie,Geelong,13,1012,1,0,1,160,40,120,52,0,2,32,0,7,4,0
Prior_544401,J. Prior,Brisbane Lions,18,1322,40,6,4,160,44,116,45,0,16,24,0,11,5,0
Weightman_986592,C. Weightman,Western Bulldogs,16,1500,169,26,13,160,40,120,48,0,3,29,0,25,9,0
Crozier_244212,H. Crozier,Western Bulldogs,10,930,0,0,0,159,48,111,59,0,1,14,0,6,4,1
Fisher_157210,Z. Fisher,Carlton,10,976,32,4,8,159,74,85,23,0,17,24,0,5,9,0
Ross_657866,J. Ross,Richmond,15,843,12,2,0,159,82,77,43,0,12,22,0,5,5,0
MacPherson_907604,D. MacPherson,Gold Coast,11,895,12,1,6,158,60,98,49,0,13,43,0,9,10,0
Gibbons_866985,M. Gibbons,Carlton,11,989,53,8,5,156,58,98,39,0,20,27,0,6,6,0
Shiel_188059,D. Shiel,Essendon,8,688,22,3,4,155,81,74,17,0,36,23,0,3,8,0
Hill_329052,I. Hill,GWS Giants,17,1505,96,14,12,154,41,113,33,0,6,48,0,10,4,0
Berry_184365,S. Berry,Adelaide,17,1488,39,5,9,153,93,60,27,0,16,70,0,12,17,0
Henry_594229,L. Henry,Fremantle,17,1481,69,10,9,153,47,106,37,0,10,17,0,13,10,2
Lipinski_224036,P. Lipinski,Western Bulldogs,11,810,13,2,1,153,79,74,39,0,13,22,0,2,5,1
Phillips_432039,W. Phillips,Nth Melbourne,16,1067,22,3,4,152,81,71,31,0,19,32,0,7,5,0
Thilthorpe_180698,R. Thilthorpe,Adelaide,14,1390,118,18,10,152,58,94,44,25,8,19,0,10,14,1
Hartlett_909428,H. Hartlett,Port Adelaide,10,837,14,2,2,151,66,85,33,0,5,22,0,8,11,0
Bytel_991486,J. Bytel,St Kilda,13,858,13,2,1,149,79,70,18,0,38,55,0,8,8,0
Bianco_373777,T. Bianco,Collingwood,12,958,47,7,5,147,47,100,53,0,7,20,0,5,4,1
Pittonet_145452,M. Pittonet,Carlton,13,1345,35,5,5,147,80,67,26,380,52,28,0,17,24,1
Switkowski_886126,S. Switkowski,Fremantle,12,1079,63,9,9,146,67,79,36,0,13,32,0,7,4,0
Farrar_125236,J. Farrar,Gold Coast,10,964,0,0,0,145,55,90,56,0,0,14,0,1,5,2
Tarrant_879711,R. Tarrant,Nth Melbourne,10,998,0,0,0,145,41,104,67,0,1,10,0,7,13,2
Long_381937,B. Long,St Kilda,15,1257,21,2,9,144,50,94,52,0,7,35,0,10,15,1
Mansell_212751,R. Mansell,Richmond,13,1087,6,1,0,144,53,91,35,0,3,29,0,13,14,0
Murphy_818828,N. Murphy,Collingwood,15,1144,9,1,3,144,56,88,50,0,6,16,0,16,6,0
Ryan_208936,L. Ryan,West Coast,14,1347,154,24,10,144,28,116,55,0,5,21,0,11,9,2
Flynn_297546,M. Flynn,GWS Giants,12,1072,32,5,2,143,88,55,47,222,25,30,0,16,9,0
Brown_986126,L. Brown,Adelaide,11,1034,0,0,0,142,43,99,39,0,3,26,0,8,2,0
Corbett_932282,J. Corbett,Gold Coast,16,1370,149,23,11,142,41,101,78,4,0,12,0,13,12,0
Cox_971085,B. Cox,Fremantle,12,1317,0,0,0,142,55,87,56,1,1,11,0,4,12,0
Lewis_959023,M. Lewis,Hawthorn,14,1446,141,22,9,142,51,91,67,30,4,28,0,13,10,1
Mumford_739271,S. Mumford,GWS Giants,14,1323,24,4,0,142,98,44,19,364,64,68,0,27,26,0
Waterman_942480,A. Waterman,Essendon,14,1267,110,17,8,142,60,82,43,0,5,28,0,8,6,2
Finlayson_371842,J. Finlayson,GWS Giants,13,1211,147,23,9,141,35,106,40,24,16,15,0,14,11,1
Hanrahan_724227,O. Hanrahan,Hawthorn,13,934,54,8,6,141,70,71,31,0,1,13,0,7,4,0
Clurey_898655,T. Clurey,Port Adelaide,11,1133,0,0,0,140,37,103,61,0,1,12,0,5,8,0
Martin_488944,J. Martin,Carlton,11,1022,54,8,6,140,46,94,61,0,9,26,0,9,11,0
Howe_891522,J. Howe,Collingwood,8,775,6,1,0,139,41,98,46,0,0,19,0,6,5,0
Hughes_224443,E. Hughes,Fremantle,8,769,1,0,1,139,64,75,29,0,7,12,0,6,5,0
Berry_683433,J. Berry,Brisbane Lions,11,857,32,5,2,138,63,75,24,0,17,34,0,14,14,1
Fogarty_765493,D. Fogarty,Adelaide,17,1545,156,24,12,137,42,95,53,1,5,21,0,19,16,2
Conca_264881,R. Conca,Fremantle,10,870,0,0,0,135,67,68,35,0,2,18,0,5,9,0
Anderson_636413,J. Anderson,Nth Melbourne,7,598,25,4,1,132,67,65,22,0,19,40,0,5,9,0
Collier-Dawkins_269575,R. Collier-Dawkins,Richmond,9,714,18,3,0,132,74,58,21,0,30,32,0,5,9,0
Draper_537058,S. Draper,Essendon,13,1215,17,2,5,131,46,85,31,315,57,23,0,16,24,0
Kennedy_577209,A. Kennedy,GWS Giants,9,891,7,1,1,131,59,72,35,0,11,20,0,5,5,0
McAdam_943515,S. McAdam,Adelaide,15,1349,161,25,11,127,48,79,56,0,4,34,0,14,21,0
Young_733604,H. Young,Fremantle,8,757,0,0,0,127,42,85,45,0,5,19,0,7,2,0
Brown_365678,B. Brown,Melbourne,13,1297,163,25,13,126,24,102,69,13,1,20,0,11,6,0
Fullarton_673534,T. Fullarton,Brisbane Lions,12,1142,19,3,1,125,73,52,22,42,17,21,0,5,5,0
Setterfield_327910,W. Setterfield,Carlton,8,737,12,1,6,124,50,74,35,0,22,17,0,6,10,0
Watson_448088,T. Watson,Fremantle,11,992,6,1,0,124,51,73,51,0,2,12,0,5,4,0
Williamson_759275,T. Williamson,Carlton,11,1061,15,2,3,124,41,83,43,0,5,16,0,2,8,0
De_702821,T. De Koning,Carlton,13,1162,46,7,4,123,42,81,40,219,29,26,0,16,15,0
Farrell_685513,K. Farrell,Port Adelaide,10,844,27,4,3,122,55,67,23,0,7,24,0,1,11,0
Reid_867887,S. Reid,GWS Giants,15,1435,28,4,4,122,58,64,25,0,3,35,0,7,15,1
Payne_926167,J. Payne,Brisbane Lions,10,1004,0,0,0,119,46,73,49,0,0,16,0,2,5,0
Bowey_462405,J. Bowey,Melbourne,7,682,0,0,0,118,58,60,23,0,11,5,0,1,7,0
Holmes_251443,M. Holmes,Geelong,12,721,13,1,7,118,64,54,24,0,17,32,0,3,4,0
Ryder_214658,P. Ryder,St Kilda,12,1066,31,5,1,118,36,82,37,360,29,30,0,9,17,0
Jones_202282,H. Jones,Essendon,16,1504,126,20,6,117,40,77,57,4,1,21,0,7,6,0
Stack_141225,S. Stack,Richmond,7,633,13,2,1,117,57,60,36,0,2,17,0,5,5,0
Blakely_343330,C. Blakely,Fremantle,13,562,8,1,2,116,66,50,30,0,13,11,0,8,5,0
Hogan_791532,J. Hogan,GWS Giants,9,909,129,20,9,115,41,74,57,0,0,11,0,6,8,1
Macrae_464807,F. Macrae,Collingwood,9,607,6,1,0,115,70,45,26,0,10,9,0,2,3,0
Owies_247258,M. Owies,Carlton,13,1147,107,15,17,115,46,69,43,0,4,37,0,10,7,0
Ratugolea_707925,E. Ratugolea,Geelong,15,1372,71,11,5,115,52,63,32,93,15,30,0,18,13,0
Treacy_664153,J. Treacy,Fremantle,15,1543,88,13,10,115,45,70,51,7,2,31,0,11,14,1
Caddy_529166,J. Caddy,Richmond,9,569,17,2,5,113,45,68,36,0,6,11,0,4,3,1
Campbell_898427,B. Campbell,Sydney Swans,8,691,8,1,2,112,41,71,26,0,1,11,0,4,3,0
Clark_211521,J. Clark,Geelong,11,685,20,3,2,112,52,60,26,0,6,22,0,2,7,1
Casboult_561114,L. Casboult,Carlton,13,1309,53,8,5,111,34,77,47,79,10,25,0,11,17,2
Davis_115488,P. Davis,GWS Giants,11,1032,0,0,0,111,47,64,47,0,0,16,0,9,14,0
McNeil_838187,L. McNeil,Western Bulldogs,13,972,50,7,8,111,51,60,21,0,2,24,0,7,7,0
Nash_911387,C. Nash,Hawthorn,8,662,13,2,1,110,59,51,26,0,24,23,0,3,10,0
Lonie_943348,J. Lonie,St Kilda,11,911,30,4,6,109,41,68,23,0,3,22,0,11,1,0
Reid_941351,S. Reid,Sydney Swans,10,991,42,6,6,109,47,62,45,77,14,28,0,14,6,0
Bonar_866405,A. Bonar,Nth Melbourne,10,865,0,0,0,107,35,72,36,0,2,16,0,4,8,0
Melksham_185233,J. Melksham,Melbourne,12,849,52,8,4,107,49,58,25,0,5,18,0,3,10,0
Ruscoe_487949,T. Ruscoe,Collingwood,9,682,12,2,0,106,33,73,27,0,0,15,0,3,7,1
Walker_853019,B. Walker,Fremantle,10,863,3,0,3,104,32,72,36,0,1,17,0,1,4,1
Coniglio_177038,S. Coniglio,GWS Giants,7,567,10,1,4,103,42,61,14,0,25,27,0,7,3,0
Edwards_588799,H. Edwards,West Coast,10,1068,0,0,0,103,28,75,53,0,0,20,0,6,6,0
Garcia_477437,R. Garcia,Western Bulldogs,9,760,27,4,3,103,46,57,14,0,7,17,0,6,8,2
Menadue_504473,C. Menadue,Nth Melbourne,7,600,0,0,0,103,49,54,36,0,3,9,0,6,2,0
McLean_317267,H. McLean,Sydney Swans,12,1202,72,11,6,102,35,67,53,30,5,22,0,5,6,0
Bruhn_345498,T. Bruhn,GWS Giants,13,871,28,4,4,101,45,56,16,0,10,33,0,8,5,0
Jones_279720,J. Jones,West Coast,15,1032,69,11,3,101,37,64,21,0,7,47,0,11,6,1
Campbell_792232,T. Campbell,Nth Melbourne,9,789,37,6,1,100,51,49,35,97,15,14,0,7,14,1
Chol_136071,M. Chol,Richmond,10,774,46,7,4,100,41,59,31,123,21,25,0,8,8,0
Edwards_173993,L. Edwards,West Coast,8,643,1,0,1,100,43,57,26,0,6,10,0,5,4,0
Day_916920,W. Day,Hawthorn,5,470,0,0,0,99,44,55,25,0,4,8,0,5,7,0
Durham_240516,S. Durham,Essendon,7,640,8,1,2,99,52,47,31,0,10,9,0,4,1,0
Gardiner_902191,D. Gardiner,Brisbane Lions,9,838,0,0,0,99,38,61,35,0,0,4,0,6,11,0
Madden_383870,J. Madden,Brisbane Lions,9,875,6,1,0,99,50,49,25,0,10,16,0,8,2,0
Young_689918,L. Young,Western Bulldogs,9,843,7,1,1,99,52,47,24,72,8,14,0,9,7,1
Brockman_157339,T. Brockman,Hawthorn,11,891,64,10,4,98,46,52,27,0,6,23,0,2,5,1
Frampton_893654,B. Frampton,Adelaide,10,1010,23,2,11,97,33,64,50,24,2,8,0,4,7,2
Kent_844288,D. Kent,St Kilda,7,666,36,5,6,96,40,56,35,0,1,22,0,3,7,1
Lazzaro_272695,C. Lazzaro,Nth Melbourne,12,802,21,3,3,96,41,55,26,0,5,21,0,6,3,1
Pearce_935278,A. Pearce,Fremantle,10,975,1,0,1,96,40,56,27,1,4,10,0,12,5,1
Vandermeer_291057,L. Vandermeer,Western Bulldogs,11,893,44,6,8,96,50,46,24,0,2,26,0,6,9,3
Brown_674903,T. Brown,Collingwood,7,554,0,0,0,95,60,35,14,0,16,11,0,1,4,0
Jones_435342,N. Jones,Melbourne,8,582,15,2,3,95,45,50,23,0,7,12,0,3,4,0
Schache_563513,J. Schache,Western Bulldogs,9,803,34,5,4,94,27,67,41,5,5,11,0,5,6,0
Martin_206986,S. Martin,Western Bulldogs,9,768,6,1,0,93,64,29,11,154,25,16,0,9,20,0
Wood_296604,M. Wood,St Kilda,9,561,44,7,2,92,41,51,30,0,2,24,0,3,7,0
Duman_556536,T. Duman,Fremantle,6,549,0,0,0,91,42,49,28,0,0,12,0,1,3,1
Henry_168558,O. Henry,Collingwood,10,814,50,7,8,91,30,61,44,0,0,9,0,4,1,1
Murray_264878,N. Murray,Adelaide,13,1057,7,1,1,90,20,70,29,1,1,18,0,13,10,0
Atkins_583208,R. Atkins,Gold Coast,8,671,14,2,2,88,41,47,16,0,8,9,0,0,3,1
Sier_202151,B. Sier,Collingwood,7,430,6,1,0,86,54,32,16,0,16,19,0,3,0,0
Sproule_436057,Z. Sproule,GWS Giants,10,871,71,11,5,86,31,55,27,14,5,26,0,9,15,1
Chapman_840724,H. Chapman,Fremantle,6,601,6,1,0,85,35,50,27,0,0,10,0,3,6,0
Graham_953499,C. Graham,Gold Coast,12,1166,1,0,1,85,33,52,42,82,11,8,0,3,10,1
Coleman-Jones_351602,C. Coleman-Jones,Richmond,8,670,70,11,4,84,46,38,30,61,6,13,0,7,8,0
Connolly_470836,L. Connolly,St Kilda,7,575,7,1,1,84,28,56,22,0,2,4,0,1,3,0
Lienert_257712,J. Lienert,Port Adelaide,5,471,6,1,0,84,22,62,21,0,4,8,0,3,3,0
O'Neill_438043,X. O'Neill,West Coast,8,612,7,1,1,84,37,47,16,0,8,15,0,4,2,1
Tomlinson_565569,A. Tomlinson,Melbourne,7,717,0,0,0,84,23,61,38,0,2,9,0,2,6,0
McCreery_984762,B. McCreery,Collingwood,13,902,72,11,6,82,30,52,24,0,2,43,0,3,12,1
Bosenavulagi_457750,A. Bosenavulagi,Nth Melbourne,8,570,6,1,0,81,35,46,28,0,2,13,0,4,5,0
Jones_805772,L. Jones,Port Adelaide,6,514,6,1,0,81,37,44,22,0,1,8,0,4,5,0
Riccardi_654169,J. Riccardi,GWS Giants,9,736,13,2,1,81,37,44,24,2,1,3,0,2,1,0
Smith_576535,Z. Smith,Gold Coast,9,816,18,3,0,81,54,27,10,191,30,23,0,14,15,0
Zaharakis_616459,D. Zaharakis,Essendon,9,524,14,2,2,81,30,51,21,0,9,16,0,0,4,0
O'Brien_994932,L. O'Brien,Carlton,5,504,9,1,3,80,31,49,20,0,2,9,0,4,1,0
Keeffe_711212,L. Keeffe,GWS Giants,8,919,6,1,0,79,22,57,37,19,0,16,0,4,5,0
Meek_969221,L. Meek,Fremantle,9,790,8,1,2,79,58,21,12,128,21,14,0,6,13,0
Parker_861045,M. Parker,Richmond,6,575,21,3,3,79,32,47,18,0,9,29,0,1,6,1
Buntine_608478,M. Buntine,GWS Giants,8,716,7,1,1,78,23,55,21,0,2,17,0,6,9,1
Melican_110276,L. Melican,Sydney Swans,6,653,0,0,0,76,23,53,30,0,0,5,0,5,3,0
Bell_149352,J. Bell,Sydney Swans,12,757,14,2,2,75,37,38,24,0,4,26,0,7,5,1
Bewley_326350,B. Bewley,Fremantle,6,423,12,2,0,75,32,43,16,0,3,12,0,5,3,0
Frederick_715610,M. Frederick,Port Adelaide,8,569,6,1,0,75,42,33,17,0,3,10,0,5,5,0
Foley_660108,L. Foley,West Coast,6,531,6,1,0,74,21,53,23,0,4,7,0,0,3,0
Greaves_540644,D. Greaves,Hawthorn,7,522,6,1,0,74,26,48,16,0,2,12,0,6,2,0
Woodcock_744602,B. Woodcock,Port Adelaide,7,509,27,4,3,73,33,40,25,0,1,14,0,4,8,0
Himmelberg_811635,E. Himmelberg,Adelaide,8,750,54,8,6,71,29,42,25,14,1,8,0,10,7,1
Mayes_476554,S. Mayes,Port Adelaide,11,508,33,5,3,70,35,35,17,0,5,20,0,2,2,0
Ah_397293,B. Ah Chee,West Coast,6,472,32,5,2,68,39,29,12,0,8,14,0,1,2,0
Frederick_685873,M. Frederick,Fremantle,7,593,41,5,11,68,16,52,35,0,4,7,0,5,1,0
Richards_329869,E. Richards,Western Bulldogs,5,440,6,1,0,68,25,43,16,0,2,9,0,4,5,0
Cox_901857,M. Cox,Collingwood,7,598,56,8,8,66,25,41,26,23,5,7,0,11,5,0
Dow_835154,T. Dow,Richmond,5,389,2,0,2,66,37,29,16,0,5,5,0,1,2,0
Brodie_891626,W. Brodie,Gold Coast,5,328,1,0,1,64,39,25,7,0,12,9,0,3,3,0
Gresham_535020,J. Gresham,St Kilda,3,207,6,1,0,63,21,42,12,0,15,6,0,0,5,0
Polec_894472,J. Polec,Nth Melbourne,5,327,2,0,2,63,15,48,17,0,5,10,0,3,5,0
West_532809,C. West,West Coast,5,486,10,1,4,63,28,35,16,0,5,13,0,4,7,1
Clarke_818287,D. Clarke,Essendon,4,385,12,2,0,62,37,25,17,0,9,9,0,4,5,0
Newcombe_378078,J. Newcombe,Hawthorn,7,473,7,1,1,62,30,32,17,0,12,39,0,4,8,0
Phillips_860094,A. Phillips,Essendon,6,549,25,4,1,62,30,32,24,124,16,23,0,8,8,0
Wallis_317327,M. Wallis,Western Bulldogs,6,462,26,4,2,61,33,28,20,0,4,10,0,5,3,0
Gleeson_204882,M. Gleeson,Essendon,6,401,0,0,0,60,27,33,21,0,1,11,0,2,2,0
Harbrow_909015,J. Harbrow,Gold Coast,4,363,1,0,1,60,10,50,27,0,0,7,0,2,3,0
Xerri_414973,T. Xerri,Nth Melbourne,8,718,8,1,2,60,34,26,14,59,6,17,0,4,16,1
Zerk-Thatcher_452979,B. Zerk-Thatcher,Essendon,6,596,0,0,0,60,24,36,22,1,3,11,0,3,6,0
McDonald_396594,L. McDonald,Sydney Swans,7,623,59,9,5,59,21,38,22,0,0,6,0,8,3,0
Stephens_531513,D. Stephens,Sydney Swans,7,447,7,1,1,58,29,29,20,0,1,8,0,1,8,0
Banfield_232438,B. Banfield,Fremantle,6,532,26,4,2,56,27,29,12,0,7,14,0,3,6,0
Hartley_515161,M. Hartley,Hawthorn,3,322,7,1,1,56,17,39,14,0,2,5,0,1,3,0
Keane_785549,M. Keane,Collingwood,4,408,1,0,1,56,25,31,23,0,2,1,0,0,7,0
McGovern_536392,M. McGovern,Carlton,5,489,40,6,4,56,14,42,24,0,0,13,0,7,0,0
Amartey_605468,J. Amartey,Sydney Swans,6,534,33,5,3,55,17,38,16,49,11,23,0,4,7,0
Gardner_134329,R. Gardner,Western Bulldogs,9,908,0,0,0,55,18,37,20,0,1,5,0,5,9,1
Cuningham_808460,D. Cuningham,Carlton,4,317,20,3,2,54,28,26,9,0,6,6,0,2,3,0
Garner_724391,T. Garner,Nth Melbourne,4,380,43,7,1,54,18,36,21,0,0,7,0,5,3,0
Day_174722,S. Day,Gold Coast,6,527,22,3,4,53,27,26,23,23,3,17,0,4,5,0
Simpson_208486,S. Simpson,Geelong,4,305,14,2,2,53,25,28,13,0,9,8,0,4,3,0
Garthwaite_331405,R. Garthwaite,Richmond,5,570,0,0,0,50,25,25,11,0,0,9,0,4,2,0
Briggs_565994,K. Briggs,GWS Giants,5,405,12,2,0,49,26,23,9,85,15,22,0,8,6,0
Curnow_409649,C. Curnow,Carlton,4,393,17,2,5,49,14,35,16,0,0,6,0,1,7,1
Naish_461922,P. Naish,Richmond,6,368,12,2,0,49,22,27,9,0,3,10,0,3,1,1
Ralphsmith_211681,H. Ralphsmith,Richmond,6,436,20,3,2,49,22,27,7,0,0,5,0,1,2,0
Reeves_238741,N. Reeves,Hawthorn,5,440,6,1,0,48,29,19,8,130,11,20,0,5,5,0
Wilson_110656,T. Wilson,Collingwood,4,333,0,0,0,48,23,25,7,0,3,7,0,1,5,0
Hunter_479015,P. Hunter,St Kilda,7,592,12,2,0,47,29,18,5,112,16,28,0,5,13,0
Joyce_503531,D. Joyce,St Kilda,5,482,0,0,0,47,11,36,13,4,0,4,0,2,4,0
Caldwell_551574,J. Caldwell,Essendon,3,224,1,0,1,46,19,27,8,0,7,16,0,6,0,0
Ginnivan_674529,J. Ginnivan,Collingwood,5,446,39,6,3,45,7,38,18,0,2,4,0,6,3,0
O'Riordan_852129,C. O'Riordan,Sydney Swans,6,353,0,0,0,45,15,30,13,0,0,6,0,3,0,0
Parks_646320,L. Parks,Carlton,6,565,0,0,0,45,15,30,12,0,0,12,0,5,5,1
Sharman_914961,C. Sharman,St Kilda,5,360,64,10,4,44,17,27,19,4,2,8,0,0,1,0
Giro_790315,S. Giro,Fremantle,4,256,6,1,0,43,12,31,13,0,2,3,0,2,1,0
Sweet_696460,J. Sweet,Western Bulldogs,5,463,8,1,2,43,22,21,12,99,12,19,0,8,10,0
Cockatoo_976766,N. Cockatoo,Brisbane Lions,7,557,31,5,1,42,24,18,5,0,1,22,0,4,4,0
Cook_272577,B. Cook,Adelaide,3,238,0,0,0,42,20,22,6,0,2,3,0,0,1,0
McLean_801671,T. McLean,Western Bulldogs,3,276,14,2,2,42,25,17,9,0,5,13,0,3,1,0
Peatling_348917,J. Peatling,GWS Giants,4,296,0,0,0,42,15,27,15,0,1,6,0,4,4,0
Witts_368755,J. Witts,Gold Coast,3,250,1,0,1,41,17,24,9,90,12,8,0,6,1,0
Geary_830111,J. Geary,St Kilda,3,255,7,1,1,40,18,22,15,0,0,7,0,0,4,0
Hannebery_278696,D. Hannebery,St Kilda,2,140,0,0,0,40,22,18,4,0,10,3,0,1,2,0
Sinclair_891421,C. Sinclair,Sydney Swans,4,407,6,1,0,40,21,19,10,99,12,11,0,6,3,0
Stein_222945,J. Stein,GWS Giants,6,636,0,0,0,40,11,29,20,0,0,7,0,2,6,0
Weideman_478469,S. Weideman,Melbourne,5,445,22,3,4,40,21,19,16,1,0,9,0,3,1,0
Jetta_407141,N. Jetta,Melbourne,5,431,0,0,0,39,20,19,13,0,2,7,0,4,2,0
Brand_196214,K. Brand,Sydney Swans,3,286,0,0,0,38,16,22,10,0,0,6,0,4,2,0
Carlisle_630146,J. Carlisle,St Kilda,4,380,8,1,2,38,18,20,11,47,7,9,0,3,7,0
Ford_347931,E. Ford,Nth Melbourne,5,387,21,3,3,38,14,24,21,0,0,4,0,4,1,0
Hutchings_489980,M. Hutchings,West Coast,4,327,0,0,0,38,15,23,9,0,5,8,0,1,0,0
Berry_663247,T. Berry,Brisbane Lions,11,388,13,2,1,37,23,14,6,0,1,20,0,2,5,0
Constable_670292,C. Constable,Geelong,3,134,6,1,0,37,16,21,13,0,6,4,0,1,1,0
Grainger-Barras_289516,D. Grainger-Barras,Hawthorn,5,458,0,0,0,37,12,25,17,0,2,11,0,3,2,0
Vardy_374513,N. Vardy,West Coast,9,678,30,5,0,37,20,17,13,92,6,11,0,5,8,0
Clavarino_885014,O. Clavarino,St Kilda,5,421,0,0,0,36,16,20,14,1,0,8,0,2,6,0
Honey_793991,J. Honey,Carlton,5,355,39,6,3,36,12,24,13,0,1,6,0,2,1,0
McKernan_762430,S. McKernan,St Kilda,4,379,13,2,1,36,12,24,8,44,6,7,0,2,9,0
Davis_187780,B. Davis,Adelaide,4,252,0,0,0,35,15,20,10,0,0,3,0,3,1,0
Hately_125614,J. Hately,Adelaide,3,199,2,0,2,35,17,18,7,0,2,12,0,1,1,0
Stone_225355,C. Stone,GWS Giants,5,365,19,3,1,35,14,21,8,0,0,7,0,1,0,0
Ugle-Hagan_936066,J. Ugle-Hagan,Western Bulldogs,5,420,44,7,2,35,10,25,14,0,1,8,0,3,2,0
Williams_731636,B. Williams,West Coast,6,442,21,3,3,35,12,23,14,50,1,8,0,1,7,0
Corr_235471,A. Corr,Nth Melbourne,2,181,1,0,1,32,13,19,9,0,1,5,0,1,1,0
Rantall_107287,J. Rantall,Collingwood,5,286,0,0,0,29,19,10,10,0,0,3,0,1,2,0
Strachan_641073,K. Strachan,Adelaide,2,206,2,0,2,29,16,13,7,59,5,3,0,0,6,0
Budarick_135371,C. Budarick,Gold Coast,2,178,0,0,0,28,9,19,11,0,0,4,0,1,3,0
vandenBerg_952653,A. vandenBerg,Melbourne,4,164,0,0,0,27,9,18,3,0,3,8,0,0,4,0
Jeka_126683,E. Jeka,Hawthorn,4,383,14,2,2,26,13,13,7,0,0,4,0,1,0,0
Martyn_535544,W. Martyn,Richmond,3,157,0,0,0,26,12,14,6,0,3,3,0,0,4,0
Tyson_427051,D. Tyson,Nth Melbourne,3,172,0,0,0,26,13,13,11,0,3,3,0,1,2,0
Greenwood_684121,L. Greenwood,Collingwood,2,144,0,0,0,25,9,16,3,0,1,7,0,0,4,0
Jeffrey_241293,J. Jeffrey,Gold Coast,4,322,16,2,4,25,6,19,6,0,0,4,0,1,2,0
Western_836176,J. Western,Fremantle,4,292,0,0,0,25,11,14,5,0,0,6,0,1,1,0
Townsend_732734,J. Townsend,Gold Coast,2,176,18,3,0,24,9,15,8,3,2,5,0,2,6,2
Frawley_357889,J. Frawley,St Kilda,2,178,0,0,0,23,10,13,10,0,0,2,0,0,1,0
Lynch_396832,M. Lynch,Collingwood,2,184,0,0,0,23,14,9,4,41,3,5,0,1,2,0
Cahill_506850,N. Cahill,Essendon,3,253,6,1,0,22,13,9,3,0,2,3,0,0,2,0
Hayden_103675,K. Hayden,Nth Melbourne,3,254,0,0,0,21,7,14,8,0,0,6,0,4,5,0
Smith_549829,J. Smith,Melbourne,3,290,0,0,0,20,9,11,9,0,1,4,0,1,2,0
Kemp_267687,B. Kemp,Carlton,2,209,0,0,0,19,5,14,8,0,0,3,0,0,1,0
Pedlar_369684,L. Pedlar,Adelaide,2,184,0,0,0,19,5,14,4,0,3,1,0,1,1,1
Rosas_363986,M. Rosas,Gold Coast,4,235,4,0,4,19,5,14,5,0,2,6,0,1,1,0
O'Connor_208789,R. O'Connor,Adelaide,3,134,0,0,0,17,14,3,2,0,2,8,0,0,2,0
Davies_398501,A. Davies,Gold Coast,1,77,2,0,2,16,11,5,2,0,2,6,0,0,2,0
Baker_555796,O. Baker,Melbourne,3,104,0,0,0,15,3,12,5,0,2,4,0,0,0,0
Kreuger_363459,N. Kreuger,Geelong,2,196,0,0,0,15,4,11,7,0,0,8,0,2,2,0
Maginness_210369,F. Maginness,Hawthorn,2,129,0,0,0,15,10,5,1,0,5,5,0,1,1,0
Sharp_811510,H. Sharp,Brisbane Lions,2,206,0,0,0,15,3,12,3,0,0,4,0,1,2,0
Shipley_133024,N. Shipley,GWS Giants,4,112,0,0,0,14,6,8,6,0,0,2,0,0,1,0
Bryan_211461,N. Bryan,Essendon,1,80,0,0,0,12,7,5,3,19,4,3,0,1,1,0
Downie_228772,C. Downie,Hawthorn,2,89,0,0,0,12,6,6,2,0,0,0,0,0,0,0
Gollant_657800,L. Gollant,Adelaide,1,92,7,1,1,11,4,7,3,0,0,1,0,1,0,0
Kelly_394427,W. Kelly,Collingwood,2,128,0,0,0,11,5,6,4,0,0,0,0,2,0,0
Khamis_792428,B. Khamis,Western Bulldogs,1,81,0,0,0,11,4,7,1,0,0,1,0,1,2,0
Rockliff_615461,T. Rockliff,Port Adelaide,2,44,1,0,1,11,8,3,0,0,2,0,0,1,0,0
Brown_903316,M. Brown,Melbourne,1,94,14,2,2,10,2,8,6,0,0,3,0,1,1,0
Butler_279209,L. Butler,Western Bulldogs,1,62,0,0,0,10,4,6,5,0,1,2,0,0,1,0
Hamling_941899,J. Hamling,Fremantle,1,90,0,0,0,10,7,3,0,2,0,1,0,3,0,0
Reid_468272,Z. Reid,Essendon,1,103,0,0,0,10,5,5,1,0,0,5,0,3,0,0
Eggmolesse-Smith_665966,D. Eggmolesse-Smith,Richmond,1,83,0,0,0,9,3,6,1,0,1,2,0,1,2,0
McDonald_703123,O. McDonald,Carlton,3,62,13,2,1,9,1,8,3,0,0,2,0,3,1,0
Rioli_721784,M. Rioli,Richmond,2,168,12,2,0,9,2,7,1,0,0,4,0,1,1,0
Tohill_953739,A. Tohill,Collingwood,1,108,0,0,0,9,5,4,3,0,1,0,0,1,1,0
West_460753,R. West,Western Bulldogs,4,135,2,0,2,9,3,6,2,0,1,3,0,0,5,0
De_702345,S. De Koning,Geelong,1,95,2,0,2,8,1,7,3,1,1,0,0,0,2,0
Durdin_852645,C. Durdin,Carlton,2,198,6,1,0,8,4,4,2,0,0,4,0,1,0,0
Evans_149679,F. Evans,Geelong,2,119,13,2,1,8,0,8,4,0,0,1,0,0,0,0
Jenkins_955230,J. Jenkins,Geelong,1,93,2,0,2,8,3,5,2,3,1,2,0,1,2,0
Clarke_715539,R. Clarke,Sydney Swans,3,34,0,0,0,7,1,6,3,0,1,1,0,0,1,0
Gunston_753971,J. Gunston,Hawthorn,1,96,0,0,0,7,1,6,1,0,1,2,0,0,0,0
Hinge_176027,M. Hinge,Adelaide,1,56,0,0,0,7,1,6,3,0,0,0,0,1,0,0
Spicer_762517,P. Spicer,Nth Melbourne,1,93,1,0,1,7,4,3,1,0,0,0,0,0,0,0
Williams_920231,D. Williams,Port Adelaide,1,81,0,0,0,7,1,6,1,0,0,3,0,0,1,0
Brown_823608,C. Brown,GWS Giants,2,87,12,2,0,6,2,4,2,0,0,1,0,0,1,0
Comben_922517,C. Comben,Nth Melbourne,1,99,6,1,0,6,3,3,2,0,0,1,0,0,1,0
Miller_953080,B. Miller,Richmond,1,109,0,0,0,6,2,4,2,0,0,0,0,1,0,0
Morris_847870,J. Morris,Hawthorn,5,146,1,0,1,6,2,4,1,0,0,5,0,3,0,0
Taylor_620778,L. Taylor,Sydney Swans,2,47,1,0,1,6,0,6,4,0,0,1,0,0,1,0
Ambrose_394686,P. Ambrose,Essendon,1,67,1,0,1,5,4,1,0,0,0,2,0,1,0,0
Ronke_384094,B. Ronke,Sydney Swans,2,76,0,0,0,5,3,2,1,0,0,0,0,0,0,0
Sturt_321709,S. Sturt,Fremantle,1,91,7,1,1,5,2,3,2,0,0,0,0,0,0,0
Winder_446814,I. Winder,West Coast,1,72,6,1,0,5,3,2,1,0,1,1,0,1,0,0
Ainsworth_548349,B. Ainsworth,West Coast,2,60,0,0,0,4,4,0,1,0,1,0,0,0,0,0
Ballenden_112170,C. Ballenden,Brisbane Lions,1,63,0,0,0,4,1,3,2,1,0,0,0,1,2,0
Chandler_687634,K. Chandler,Melbourne,5,79,0,0,0,4,3,1,0,0,0,2,0,0,2,1
Jong_738481,L. Jong,Western Bulldogs,1,20,1,0,1,4,2,2,2,0,1,0,0,0,0,0
Worrell_561783,J. Worrell,Adelaide,1,79,0,0,0,3,1,2,0,0,0,2,0,0,0,0
Cavarra_632266,B. Cavarra,Western Bulldogs,1,22,0,0,0,1,0,1,1,0,0,1,0,1,0,0
McEntee_336415,J. McEntee,Port Adelaide,1,9,0,0,0,1,1,0,0,0,0,0,0,0,0,0
Ling_908327,M. Ling,Sydney Swans,1,0,0,0,0,0,0,0,0,0,0,0,0,0,0,0
Ryan_259389,S. Ryan,Richmond,1,60,0,0,0,0,0,0,0,1,0,0,0,0,1,0
